Clinic Name,City,Website,Instagram,Google Rating,Review Count
Al Abrah Clinic,Dubai,https://abrahclinics.com/,https://www.instagram.com/alabrahclinic/,4.9,4700
Al Zahra Pvt Medical Centre,Dubai,https://azhd.ae/,https://www.instagram.com/alzahrahospitaldubai/,4.5,5000
Alabama Dental Center,Dubai,https://alabamadentalcenter.com/,https://www.instagram.com/alabamadentaldubai/,5.0,100
Amal Specialized Dental Clinic,Dubai,https://amalspecialized.com/,https://www.instagram.com/amalspecialized/,4.2,50
American Dental Clinic,Dubai,https://americandentalclinic.com/,https://www.instagram.com/americandentalclinic/,4.7,300
American Medical & Dental Center,Dubai,https://amdc.ae/,https://www.instagram.com/amdc.ae/,4.8,200
Bin Arab Dental Centre,Dubai,https://binarab.ae/,https://www.instagram.com/binarabdental/,4.4,80
British Dental Clinic,Dubai,https://britishdentalclinic.com/,https://www.instagram.com/britishdentaldubai/,4.6,150
Canadian Specialized Dental Center,Dubai,https://canadiandentalcenter.com/,https://www.instagram.com/canadiandentalcenter/,4.3,90
Charly Polyclinic,Dubai,https://charlypolyclinic.com/,https://www.instagram.com/charlypolyclinic/,4.1,120
Clover Medical Centre,Dubai,https://clovermedicalcentre.com/,https://www.instagram.com/clovermedicalcentre/,4.5,180
CosmeSurge,Dubai,https://cosmesurge.com/,https://www.instagram.com/cosmesurge/,4.4,1000
Dental Art Clinic,Dubai,https://dentalartclinic.ae/,https://www.instagram.com/dentalartclinic/,4.8,250
Dental Studio,Dubai,https://thedentalstudio.ae/,https://www.instagram.com/thedentalstudio/,4.9,1500
Dentamax Medical Center,Dubai,https://dentamax.ae/,https://www.instagram.com/dentamaxdubai/,4.3,70
Dr Biju'S Implantology Dental Clinic,Dubai,https://drbijudental.com/,https://www.instagram.com/drbijudental/,4.7,110
Dr Pauls Dental Clinic,Dubai,https://drpaulsdentalclinic.com/,https://www.instagram.com/drpaulsdentalclinic/,4.8,400
Dream Smile Dental Clinic,Dubai,https://dreamsmile.ae/,https://www.instagram.com/dreamsmiledentalclinic/,4.6,130
French Dental Clinic,Dubai,https://frenchdentalclinic.ae/,https://www.instagram.com/frenchdentaldubai/,4.7,200
German Dental Oasis,Dubai,https://germandentaloasis.com/,https://www.instagram.com/germandentaloasis/,4.8,350
